-- MySQL dump 10.13  Distrib 8.0.27, for Win64 (x86_64)
--
-- Host: 127.0.0.1    Database: school_control
-- ------------------------------------------------------
-- Server version	8.0.27

/*!40101 SET @OLD_CHARACTER_SET_CLIENT=@@CHARACTER_SET_CLIENT */;
/*!40101 SET @OLD_CHARACTER_SET_RESULTS=@@CHARACTER_SET_RESULTS */;
/*!40101 SET @OLD_COLLATION_CONNECTION=@@COLLATION_CONNECTION */;
/*!50503 SET NAMES utf8 */;
/*!40103 SET @OLD_TIME_ZONE=@@TIME_ZONE */;
/*!40103 SET TIME_ZONE='+00:00' */;
/*!40014 SET @OLD_UNIQUE_CHECKS=@@UNIQUE_CHECKS, UNIQUE_CHECKS=0 */;
/*!40014 SET @OLD_FOREIGN_KEY_CHECKS=@@FOREIGN_KEY_CHECKS, FOREIGN_KEY_CHECKS=0 */;
/*!40101 SET @OLD_SQL_MODE=@@SQL_MODE, SQL_MODE='NO_AUTO_VALUE_ON_ZERO' */;
/*!40111 SET @OLD_SQL_NOTES=@@SQL_NOTES, SQL_NOTES=0 */;

--
-- Table structure for table `aluno`
--

DROP TABLE IF EXISTS `aluno`;
/*!40101 SET @saved_cs_client     = @@character_set_client */;
/*!50503 SET character_set_client = utf8mb4 */;
CREATE TABLE `aluno` (
  `id` int NOT NULL AUTO_INCREMENT,
  `nome_aluno` varchar(150) NOT NULL,
  `professor_aluno_id` int DEFAULT NULL,
  PRIMARY KEY (`id`),
  KEY `FKsrklp6qwdbesxyrnk7l4ccvqt` (`professor_aluno_id`),
  CONSTRAINT `FKsrklp6qwdbesxyrnk7l4ccvqt` FOREIGN KEY (`professor_aluno_id`) REFERENCES `professor` (`id`)
) ENGINE=InnoDB AUTO_INCREMENT=6 DEFAULT CHARSET=utf8mb4 COLLATE=utf8mb4_0900_ai_ci;
/*!40101 SET character_set_client = @saved_cs_client */;

--
-- Dumping data for table `aluno`
--

LOCK TABLES `aluno` WRITE;
/*!40000 ALTER TABLE `aluno` DISABLE KEYS */;
INSERT INTO `aluno` VALUES (1,'Matheus',3),(2,'Otávio ',5),(3,'Carol',4),(4,'Bia ',1),(5,'Lays',2);
/*!40000 ALTER TABLE `aluno` ENABLE KEYS */;
UNLOCK TABLES;

--
-- Table structure for table `professor`
--

DROP TABLE IF EXISTS `professor`;
/*!40101 SET @saved_cs_client     = @@character_set_client */;
/*!50503 SET character_set_client = utf8mb4 */;
CREATE TABLE `professor` (
  `id` int NOT NULL AUTO_INCREMENT,
  `nome_professor` varchar(150) NOT NULL,
  `sala_professor_id` int DEFAULT NULL,
  PRIMARY KEY (`id`),
  KEY `FKhb70tte1g687cvkmiy2xbgl0m` (`sala_professor_id`),
  CONSTRAINT `FKhb70tte1g687cvkmiy2xbgl0m` FOREIGN KEY (`sala_professor_id`) REFERENCES `sala` (`id`)
) ENGINE=InnoDB AUTO_INCREMENT=6 DEFAULT CHARSET=utf8mb4 COLLATE=utf8mb4_0900_ai_ci;
/*!40101 SET character_set_client = @saved_cs_client */;

--
-- Dumping data for table `professor`
--

LOCK TABLES `professor` WRITE;
/*!40000 ALTER TABLE `professor` DISABLE KEYS */;
INSERT INTO `professor` VALUES (1,'Tarcio',3),(2,'Fabiola',5),(3,'Caio',1),(4,'Mariana',2),(5,'Isis',2);
/*!40000 ALTER TABLE `professor` ENABLE KEYS */;
UNLOCK TABLES;

--
-- Table structure for table `sala`
--

DROP TABLE IF EXISTS `sala`;
/*!40101 SET @saved_cs_client     = @@character_set_client */;
/*!50503 SET character_set_client = utf8mb4 */;
CREATE TABLE `sala` (
  `id` int NOT NULL AUTO_INCREMENT,
  `nome_sala` varchar(150) NOT NULL,
  PRIMARY KEY (`id`)
) ENGINE=InnoDB AUTO_INCREMENT=6 DEFAULT CHARSET=utf8mb4 COLLATE=utf8mb4_0900_ai_ci;
/*!40101 SET character_set_client = @saved_cs_client */;

--
-- Dumping data for table `sala`
--

LOCK TABLES `sala` WRITE;
/*!40000 ALTER TABLE `sala` DISABLE KEYS */;
INSERT INTO `sala` VALUES (1,'1º ano A'),(2,'2º ano A'),(3,'3º ano A'),(4,'5º ano C'),(5,'4º ano B');
/*!40000 ALTER TABLE `sala` ENABLE KEYS */;
UNLOCK TABLES;

--
-- Dumping events for database 'school_control'
--

--
-- Dumping routines for database 'school_control'
--
/*!40103 SET TIME_ZONE=@OLD_TIME_ZONE */;

/*!40101 SET SQL_MODE=@OLD_SQL_MODE */;
/*!40014 SET FOREIGN_KEY_CHECKS=@OLD_FOREIGN_KEY_CHECKS */;
/*!40014 SET UNIQUE_CHECKS=@OLD_UNIQUE_CHECKS */;
/*!40101 SET CHARACTER_SET_CLIENT=@OLD_CHARACTER_SET_CLIENT */;
/*!40101 SET CHARACTER_SET_RESULTS=@OLD_CHARACTER_SET_RESULTS */;
/*!40101 SET COLLATION_CONNECTION=@OLD_COLLATION_CONNECTION */;
/*!40111 SET SQL_NOTES=@OLD_SQL_NOTES */;

-- Dump completed on 2022-03-13 16:12:25
